{
    "dt": 0.005,
    "total_time": 8.129999999999871,
    "n_active": 0,
    "m_kill": 1e-14,
    "v_kill": 3000.0,
    "h_kill": 84132.0,
    "len_kill": -1000.0,
    "h_init": 180000.0,
    "P_0m": 935.0,
    "dens_co": [
        103.83760315184513,
        -5199.836380604947,
        106398.72916168679,
        -1168254.5881030303,
        7104343.59866319,
        -22558859.640640933,
        29211810.24999572
    ],
    "r_earth": 6388407.131068721,
    "total_fragments": 2650,
    "wake_psf": 3.0,
    "wake_extension": 200.0,
    "rho": 875.0,
    "m_init": 1.0250625e-05,
    "v_init": 25126.75,
    "shape_factor": 1.21,
    "sigma": 1.8437500000000002e-08,
    "zenith_angle": 0.9438631511707085,
    "gamma": 1.0,
    "rho_grain": 3000.0,
    "lum_eff_type": 5,
    "lum_eff": 0.7,
    "mu": 3.8180000000000003e-26,
    "erosion_on": true,
    "erosion_bins_per_10mass": 10,
    "erosion_height_start": 98499.875,
    "erosion_coeff": 2.44375e-07,
    "erosion_height_change": 62564.375,
    "erosion_coeff_change": 3.41875e-07,
    "erosion_rho_change": 875.0,
    "erosion_sigma_change": 1.8437500000000002e-08,
    "erosion_mass_index": 2.098125,
    "erosion_mass_min": 7.4375e-11,
    "erosion_mass_max": 1.8249999999999998e-08,
    "disruption_on": false,
    "compressive_strength": 2000.0,
    "disruption_height": null,
    "disruption_erosion_coeff": 2.44375e-07,
    "disruption_mass_index": 2.0,
    "disruption_mass_min_ratio": 0.01,
    "disruption_mass_max_ratio": 0.1,
    "disruption_mass_grain_ratio": 0.25,
    "fragmentation_on": false,
    "fragmentation_show_individual_lcs": false,
    "fragmentation_entries": [],
    "fragmentation_file_name": "metsim_fragmentation.txt",
    "electron_density_meas_ht": -1000.0,
    "electron_density_meas_q": -1.0,
    "erosion_beg_vel": 25313.118402084827,
    "erosion_beg_mass": 1.3118731760629032e-05,
    "erosion_beg_dyn_press": 396.836131550816,
    "mass_at_erosion_change": 5.24490552076726e-06,
    "energy_per_cs_before_erosion": null,
    "energy_per_mass_before_erosion": null,
    "main_mass_exhaustion_ht": 89261.97463729398,
    "main_bottom_ht": 89261.97463729398
}