{
    "dt": 0.005,
    "total_time": 8.609999999999946,
    "n_active": 0,
    "m_kill": 1e-14,
    "v_kill": 3000.0,
    "h_kill": 81724.0,
    "len_kill": -1000.0,
    "h_init": 180000.0,
    "P_0m": 945.0,
    "dens_co": [
        59.24445249248821,
        -3612.0999200723236,
        85114.53890130165,
        -1041625.3603652513,
        6863569.9144086065,
        -23159651.56122947,
        31454195.835456956
    ],
    "r_earth": 6367831.53670907,
    "total_fragments": 3857,
    "wake_psf": 3.0,
    "wake_extension": 200.0,
    "rho": 215.0,
    "m_init": 2.2064999999999995e-06,
    "v_init": 23640.416666666664,
    "shape_factor": 1.21,
    "sigma": 6.1e-09,
    "zenith_angle": 0.6528142267696991,
    "gamma": 1.0,
    "rho_grain": 3500.0,
    "lum_eff_type": 5.0,
    "lum_eff": 0.7,
    "mu": 3.8180000000000003e-26,
    "erosion_on": true,
    "erosion_bins_per_10mass": 10.0,
    "erosion_height_start": 101469.0,
    "erosion_coeff": 2.1419999999999997e-07,
    "erosion_height_change": 100702.1,
    "erosion_coeff_change": 3.54e-07,
    "erosion_rho_change": 215.0,
    "erosion_sigma_change": 1.8000000000000002e-08,
    "erosion_mass_index": 2.4699999999999998,
    "erosion_mass_min": 1.0735294117647059e-11,
    "erosion_mass_max": 6.4375e-10,
    "disruption_on": false,
    "compressive_strength": 2000.0,
    "disruption_height": null,
    "disruption_erosion_coeff": 2.1419999999999997e-07,
    "disruption_mass_index": 2.0,
    "disruption_mass_min_ratio": 0.010000000000000009,
    "disruption_mass_max_ratio": 0.09999999999999998,
    "disruption_mass_grain_ratio": 0.25,
    "fragmentation_on": false,
    "fragmentation_show_individual_lcs": false,
    "fragmentation_entries": [],
    "fragmentation_file_name": "metsim_fragmentation.txt",
    "electron_density_meas_ht": -1000.0,
    "electron_density_meas_q": -1.0,
    "erosion_beg_vel": 24000.451998198067,
    "erosion_beg_mass": 0.00020578115059484493,
    "erosion_beg_dyn_press": 131.84278724805742,
    "mass_at_erosion_change": 0.0002014401381774682,
    "energy_per_cs_before_erosion": null,
    "energy_per_mass_before_erosion": null,
    "main_mass_exhaustion_ht": 87649.74074556457,
    "main_bottom_ht": 87649.74074556457
}