{
    "dt": 0.005,
    "total_time": 8.609999999999946,
    "n_active": 0,
    "m_kill": 1e-14,
    "v_kill": 3000.0,
    "h_kill": 81724.0,
    "len_kill": -1000.0,
    "h_init": 180000.0,
    "P_0m": 945.0,
    "dens_co": [
        59.24445249248821,
        -3612.0999200723236,
        85114.53890130165,
        -1041625.3603652513,
        6863569.9144086065,
        -23159651.56122947,
        31454195.835456956
    ],
    "r_earth": 6367831.53670907,
    "total_fragments": 3857,
    "wake_psf": 3.0,
    "wake_extension": 200.0,
    "rho": 211.0,
    "m_init": 1.2893266666666667e-05,
    "v_init": 23481.533333333333,
    "shape_factor": 1.21,
    "sigma": 1.36e-08,
    "zenith_angle": 0.7173233412526615,
    "gamma": 1.0,
    "rho_grain": 3500.0,
    "lum_eff_type": 5,
    "lum_eff": 0.7,
    "mu": 3.8180000000000003e-26,
    "erosion_on": true,
    "erosion_bins_per_10mass": 10,
    "erosion_height_start": 103874.6,
    "erosion_coeff": 1.4893333333333334e-07,
    "erosion_height_change": 94271.73333333334,
    "erosion_coeff_change": 2.8066666666666667e-07,
    "erosion_rho_change": 213.0,
    "erosion_sigma_change": 1.7933333333333332e-08,
    "erosion_mass_index": 2.3666666666666667,
    "erosion_mass_min": 1.8e-11,
    "erosion_mass_max": 1.0333333333333333e-09,
    "disruption_on": false,
    "compressive_strength": 2000.0,
    "disruption_height": null,
    "disruption_erosion_coeff": 1.4893333333333334e-07,
    "disruption_mass_index": 2.0,
    "disruption_mass_min_ratio": 0.01,
    "disruption_mass_max_ratio": 0.1,
    "disruption_mass_grain_ratio": 0.25,
    "fragmentation_on": false,
    "fragmentation_show_individual_lcs": false,
    "fragmentation_entries": [],
    "fragmentation_file_name": "metsim_fragmentation.txt",
    "electron_density_meas_ht": -1000.0,
    "electron_density_meas_q": -1.0,
    "erosion_beg_vel": 24000.451998198067,
    "erosion_beg_mass": 0.00020578115059484493,
    "erosion_beg_dyn_press": 131.84278724805742,
    "mass_at_erosion_change": 0.0002014401381774682,
    "energy_per_cs_before_erosion": null,
    "energy_per_mass_before_erosion": null,
    "main_mass_exhaustion_ht": 87649.74074556457,
    "main_bottom_ht": 87649.74074556457
}