{
    "dt": 0.005,
    "total_time": 2.204999999999975,
    "n_active": 0,
    "m_kill": 1e-14,
    "v_kill": 3000.0,
    "h_kill": 91872.0,
    "len_kill": -1000.0,
    "h_init": 180000.0,
    "P_0m": 935.0,
    "dens_co": [
        262.46612019192247,
        -12579.212421108496,
        247659.0332829319,
        -2593148.1029885407,
        15097124.072805991,
        -46213185.73521419,
        58083042.89705229
    ],
    "r_earth": 6371008.7714,
    "total_fragments": 1568,
    "wake_psf": 3.0,
    "wake_extension": 200.0,
    "rho": 150.0,
    "m_init": 3.8e-06,
    "v_init": 60500.0,
    "shape_factor": 1.21,
    "sigma": 1e-08,
    "zenith_angle": 0.8104785447486068,
    "gamma": 1.0,
    "rho_grain": 3000.0,
    "lum_eff_type": 5,
    "lum_eff": 0.7,
    "mu": 3.8180000000000003e-26,
    "erosion_on": true,
    "erosion_bins_per_10mass": 10,
    "erosion_height_start": 114500.0,
    "erosion_coeff": 6.5e-08,
    "erosion_height_change": 35000.0,
    "erosion_coeff_change": 1e-09,
    "erosion_rho_change": 150.0,
    "erosion_sigma_change": 1e-08,
    "erosion_mass_index": 2.0,
    "erosion_mass_min": 1e-11,
    "erosion_mass_max": 5.5e-10,
    "disruption_on": false,
    "compressive_strength": 2000.0,
    "disruption_height": null,
    "disruption_erosion_coeff": 6.5e-08,
    "disruption_mass_index": 2.0,
    "disruption_mass_min_ratio": 0.01,
    "disruption_mass_max_ratio": 0.1,
    "disruption_mass_grain_ratio": 0.25,
    "fragmentation_on": false,
    "fragmentation_show_individual_lcs": false,
    "fragmentation_entries": [],
    "fragmentation_file_name": "metsim_fragmentation.txt",
    "electron_density_meas_ht": -1000.0,
    "electron_density_meas_q": -1.0,
    "erosion_beg_vel": 60537.60219674651,
    "erosion_beg_mass": 4.20070888336282e-06,
    "erosion_beg_dyn_press": 331.85811719511366,
    "mass_at_erosion_change": 1.7514688410630255e-14,
    "energy_per_cs_before_erosion": null,
    "energy_per_mass_before_erosion": null,
    "main_mass_exhaustion_ht": 92801.33782769874,
    "main_bottom_ht": 92801.33782769874
}