{
    "dt": 0.005,
    "total_time": 1.409999999999992,
    "n_active": 0,
    "m_kill": 1e-14,
    "v_kill": 3000.0,
    "h_kill": 93685.0,
    "len_kill": -1000.0,
    "h_init": 180000.0,
    "P_0m": 935.0,
    "dens_co": [
        -418.81449555550535,
        19034.9658112069,
        -355459.82499461435,
        3464723.518078473,
        -18710135.892300233,
        53244416.73501336,
        -62502228.3459772
    ],
    "r_earth": 6388456.002498887,
    "total_fragments": 1224,
    "wake_psf": 3.0,
    "wake_extension": 200.0,
    "rho": 134.6153846153846,
    "m_init": 5.6875e-06,
    "v_init": 67384.0,
    "shape_factor": 1.21,
    "sigma": 2.1666666666666665e-08,
    "zenith_angle": 0.49081567448167207,
    "gamma": 1.0,
    "rho_grain": 3000.0,
    "lum_eff_type": 5.0,
    "lum_eff": 0.7,
    "mu": 3.8180000000000003e-26,
    "erosion_on": true,
    "erosion_bins_per_10mass": 10.0,
    "erosion_height_start": 115740.5,
    "erosion_coeff": 1.7250000000000002e-07,
    "erosion_height_change": 91696.66666666666,
    "erosion_coeff_change": 3.0075000000000004e-07,
    "erosion_rho_change": 134.6153846153846,
    "erosion_sigma_change": 2.2500000000000003e-08,
    "erosion_mass_index": 2.142857142857143,
    "erosion_mass_min": 1.325e-11,
    "erosion_mass_max": 5.083333333333333e-09,
    "disruption_on": false,
    "compressive_strength": 2000.0,
    "disruption_height": null,
    "disruption_erosion_coeff": 1.7250000000000002e-07,
    "disruption_mass_index": 2.0,
    "disruption_mass_min_ratio": 0.010000000000000009,
    "disruption_mass_max_ratio": 0.09999999999999998,
    "disruption_mass_grain_ratio": 0.25,
    "fragmentation_on": false,
    "fragmentation_show_individual_lcs": false,
    "fragmentation_entries": [],
    "fragmentation_file_name": "metsim_fragmentation.txt",
    "electron_density_meas_ht": -1000.0,
    "electron_density_meas_q": -1.0,
    "erosion_beg_vel": 68588.7456789335,
    "erosion_beg_mass": 1.9605378610195344e-06,
    "erosion_beg_dyn_press": 126.1454115658919,
    "mass_at_erosion_change": null,
    "energy_per_cs_before_erosion": null,
    "energy_per_mass_before_erosion": null,
    "main_mass_exhaustion_ht": 101643.62806800166,
    "main_bottom_ht": 101643.62806800166
}