{
    "dt": 0.005,
    "total_time": 1.8399999999999828,
    "n_active": 0,
    "m_kill": 1e-14,
    "v_kill": 3000.0,
    "h_kill": 93398.0,
    "h_init": 180000.0,
    "P_0m": 840.0,
    "dens_co": [
        188.21719348128923,
        -9275.21541555885,
        187158.85957272412,
        -2009043.090882031,
        11957920.455041673,
        -37300165.245010644,
        47629814.44872677
    ],
    "r_earth": 6388433.697979859,
    "total_fragments": 797,
    "wake_psf": 3.0,
    "wake_extension": 200.0,
    "rho": 180.0,
    "m_init": 3.85e-07,
    "v_init": 60240.0,
    "shape_factor": 1.21,
    "sigma": 1.4e-08,
    "zenith_angle": 0.6569244771581457,
    "gamma": 1.0,
    "rho_grain": 3000.0,
    "lum_eff_type": 5,
    "lum_eff": 0.7,
    "mu": 3.8180000000000003e-26,
    "erosion_on": true,
    "erosion_bins_per_10mass": 10,
    "erosion_height_start": 118182.0,
    "erosion_coeff": 3.7999999999999996e-08,
    "erosion_height_change": 110500.0,
    "erosion_coeff_change": 2.6e-07,
    "erosion_rho_change": 180.0,
    "erosion_sigma_change": 2.2e-08,
    "erosion_mass_index": 2.0,
    "erosion_mass_min": 1e-11,
    "erosion_mass_max": 2e-09,
    "disruption_on": false,
    "compressive_strength": 2000.0,
    "disruption_height": null,
    "disruption_erosion_coeff": 3.7999999999999996e-08,
    "disruption_mass_index": 2.0,
    "disruption_mass_min_ratio": 0.01,
    "disruption_mass_max_ratio": 0.1,
    "disruption_mass_grain_ratio": 0.25,
    "fragmentation_on": false,
    "fragmentation_show_individual_lcs": false,
    "fragmentation_entries": [],
    "fragmentation_file_name": "metsim_fragmentation.txt",
    "electron_density_meas_ht": -1000.0,
    "electron_density_meas_q": -1.0,
    "erosion_beg_vel": 60594.96625272262,
    "erosion_beg_mass": 3.2557718445098325e-07,
    "erosion_beg_dyn_press": 135.14220865179564,
    "mass_at_erosion_change": 2.1126305485585873e-07,
    "energy_per_cs_before_erosion": null,
    "energy_per_mass_before_erosion": null,
    "main_mass_exhaustion_ht": 101808.544801754
}