{
    "dt": 0.005,
    "total_time": 2.1399999999999766,
    "n_active": 0,
    "m_kill": 1e-14,
    "v_kill": 3000.0,
    "h_kill": 90689.0,
    "h_init": 180000.0,
    "P_0m": 840.0,
    "dens_co": [
        254.8814520902725,
        -12277.678038485683,
        242806.090327364,
        -2552699.9833241827,
        14913444.687364956,
        -45784464.05428101,
        57685002.8364548
    ],
    "r_earth": 6388532.05238837,
    "total_fragments": 729,
    "wake_psf": 3.0,
    "wake_extension": 200.0,
    "rho": 600.0,
    "m_init": 9.52e-07,
    "v_init": 61350.0,
    "shape_factor": 1.21,
    "sigma": 1e-08,
    "zenith_angle": 0.8049458510197848,
    "gamma": 1.0,
    "rho_grain": 3500.0,
    "lum_eff_type": 5,
    "lum_eff": 0.7,
    "mu": 3.8180000000000003e-26,
    "erosion_on": true,
    "erosion_bins_per_10mass": 10,
    "erosion_height_start": 116560.0,
    "erosion_coeff": 2.2e-07,
    "erosion_height_change": 110000.0,
    "erosion_coeff_change": 3.3e-07,
    "erosion_rho_change": 600.0,
    "erosion_sigma_change": 1.6e-08,
    "erosion_mass_index": 2.5,
    "erosion_mass_min": 4e-11,
    "erosion_mass_max": 5e-09,
    "disruption_on": false,
    "compressive_strength": 2000.0,
    "disruption_height": null,
    "disruption_erosion_coeff": 2.2e-07,
    "disruption_mass_index": 2.0,
    "disruption_mass_min_ratio": 0.01,
    "disruption_mass_max_ratio": 0.1,
    "disruption_mass_grain_ratio": 0.25,
    "fragmentation_on": false,
    "fragmentation_show_individual_lcs": false,
    "fragmentation_entries": [],
    "fragmentation_file_name": "metsim_fragmentation.txt",
    "electron_density_meas_ht": -1000.0,
    "electron_density_meas_q": -1.0,
    "erosion_beg_vel": 60938.99238328706,
    "erosion_beg_mass": 6.953165857831049e-07,
    "erosion_beg_dyn_press": 174.1355028704275,
    "mass_at_erosion_change": 2.9517477744338763e-07,
    "energy_per_cs_before_erosion": null,
    "energy_per_mass_before_erosion": null,
    "main_mass_exhaustion_ht": 101199.86357264683
}