{
    "dt": 0.005,
    "total_time": 1.739999999999985,
    "n_active": 0,
    "m_kill": 1e-14,
    "v_kill": 3000.0,
    "h_kill": 94243.0,
    "h_init": 180000.0,
    "P_0m": 945.0,
    "dens_co": [
        198.08849755494822,
        -9702.836350871692,
        194748.09540894395,
        -2079882.2385420299,
        12325314.161225142,
        -38305197.33731587,
        48763834.72197291
    ],
    "r_earth": 6388507.403348749,
    "total_fragments": 679,
    "wake_psf": 3.0,
    "wake_extension": 200.0,
    "rho": 287.0,
    "m_init": 9e-07,
    "v_init": 60000.0,
    "shape_factor": 1.21,
    "sigma": 2.5000000000000002e-08,
    "zenith_angle": 0.594686036032028,
    "gamma": 1.0,
    "rho_grain": 3500.0,
    "lum_eff_type": 5,
    "lum_eff": 0.7,
    "mu": 3.8180000000000003e-26,
    "erosion_on": true,
    "erosion_bins_per_10mass": 10,
    "erosion_height_start": 112000.0,
    "erosion_coeff": 7e-08,
    "erosion_height_change": 105000.0,
    "erosion_coeff_change": 5e-07,
    "erosion_rho_change": 287.0,
    "erosion_sigma_change": 2.5000000000000002e-08,
    "erosion_mass_index": 2.2,
    "erosion_mass_min": 1e-11,
    "erosion_mass_max": 2e-09,
    "disruption_on": false,
    "compressive_strength": 2000.0,
    "disruption_height": null,
    "disruption_erosion_coeff": 7e-08,
    "disruption_mass_index": 2.0,
    "disruption_mass_min_ratio": 0.01,
    "disruption_mass_max_ratio": 0.1,
    "disruption_mass_grain_ratio": 0.25,
    "fragmentation_on": false,
    "fragmentation_show_individual_lcs": false,
    "fragmentation_entries": [],
    "fragmentation_file_name": "metsim_fragmentation.txt",
    "electron_density_meas_ht": -1000.0,
    "electron_density_meas_q": -1.0,
    "erosion_beg_vel": 59832.36691074211,
    "erosion_beg_mass": 5.283883698070814e-07,
    "erosion_beg_dyn_press": 266.0418640638353,
    "mass_at_erosion_change": 2.947478693189363e-13,
    "energy_per_cs_before_erosion": null,
    "energy_per_mass_before_erosion": null,
    "main_mass_exhaustion_ht": 100331.03206695955
}