{
    "dt": 0.005,
    "total_time": 1.7899999999999838,
    "n_active": 0,
    "m_kill": 1e-14,
    "v_kill": 3000.0,
    "h_kill": 96903.0,
    "h_init": 180000.0,
    "P_0m": 945.0,
    "dens_co": [
        128.9013515646836,
        -6497.223958679965,
        133319.54085873908,
        -1457711.8323620076,
        8815995.028064905,
        -27858231.708104644,
        35941364.6799122
    ],
    "r_earth": 6388441.8577487515,
    "total_fragments": 598,
    "wake_psf": 3.0,
    "wake_extension": 200.0,
    "rho": 224.0,
    "m_init": 1.2e-06,
    "v_init": 60650.0,
    "shape_factor": 1.21,
    "sigma": 2.2e-08,
    "zenith_angle": 0.6809402076655877,
    "gamma": 1.0,
    "rho_grain": 3500.0,
    "lum_eff_type": 5,
    "lum_eff": 0.7,
    "mu": 3.8180000000000003e-26,
    "erosion_on": true,
    "erosion_bins_per_10mass": 10,
    "erosion_height_start": 113000.0,
    "erosion_coeff": 8e-08,
    "erosion_height_change": 99903.0,
    "erosion_coeff_change": 3.3e-07,
    "erosion_rho_change": 224.0,
    "erosion_sigma_change": 2.2e-08,
    "erosion_mass_index": 2.3,
    "erosion_mass_min": 1e-11,
    "erosion_mass_max": 1e-10,
    "disruption_on": false,
    "compressive_strength": 2000.0,
    "disruption_height": null,
    "disruption_erosion_coeff": 8e-08,
    "disruption_mass_index": 2.0,
    "disruption_mass_min_ratio": 0.01,
    "disruption_mass_max_ratio": 0.1,
    "disruption_mass_grain_ratio": 0.25,
    "fragmentation_on": false,
    "fragmentation_show_individual_lcs": false,
    "fragmentation_entries": [],
    "fragmentation_file_name": "metsim_fragmentation.txt",
    "electron_density_meas_ht": -1000.0,
    "electron_density_meas_q": -1.0,
    "erosion_beg_vel": 60824.84014585858,
    "erosion_beg_mass": 8.124778097258545e-07,
    "erosion_beg_dyn_press": 202.08620578412908,
    "mass_at_erosion_change": 1.0798611640813412e-11,
    "energy_per_cs_before_erosion": null,
    "energy_per_mass_before_erosion": null,
    "main_mass_exhaustion_ht": 96896.53879021158
}