{
    "dt": 0.005,
    "total_time": 2.304999999999973,
    "n_active": 0,
    "m_kill": 1e-14,
    "v_kill": 3000.0,
    "h_kill": 91315.0,
    "h_init": 180000.0,
    "P_0m": 945.0,
    "dens_co": [
        243.29730475464365,
        -11772.240730237036,
        233705.65972162687,
        -2466007.947041726,
        14452360.233684676,
        -44485932.26218938,
        56171948.88541543
    ],
    "r_earth": 6388325.570701673,
    "total_fragments": 484,
    "wake_psf": 3.0,
    "wake_extension": 200.0,
    "rho": 200.0,
    "m_init": 1.9e-06,
    "v_init": 62100.0,
    "shape_factor": 1.21,
    "sigma": 8e-09,
    "zenith_angle": 0.886749433060759,
    "gamma": 1.0,
    "rho_grain": 3000.0,
    "lum_eff_type": 5,
    "lum_eff": 0.7,
    "mu": 3.8180000000000003e-26,
    "erosion_on": true,
    "erosion_bins_per_10mass": 5,
    "erosion_height_start": 116800.0,
    "erosion_coeff": 7e-08,
    "erosion_height_change": 103500.0,
    "erosion_coeff_change": 0.0,
    "erosion_rho_change": 200.0,
    "erosion_sigma_change": 8e-09,
    "erosion_mass_index": 2.2,
    "erosion_mass_min": 5e-12,
    "erosion_mass_max": 1e-10,
    "disruption_on": false,
    "compressive_strength": 2000.0,
    "disruption_height": null,
    "disruption_erosion_coeff": 7e-08,
    "disruption_mass_index": 2.0,
    "disruption_mass_min_ratio": 0.01,
    "disruption_mass_max_ratio": 0.1,
    "disruption_mass_grain_ratio": 0.25,
    "fragmentation_on": false,
    "fragmentation_show_individual_lcs": false,
    "fragmentation_entries": [],
    "fragmentation_file_name": "metsim_fragmentation.txt",
    "electron_density_meas_ht": -1000.0,
    "electron_density_meas_q": -1.0,
    "erosion_beg_vel": 61789.692803315535,
    "erosion_beg_mass": 1.6604510373327484e-06,
    "erosion_beg_dyn_press": 158.0600840456939,
    "mass_at_erosion_change": 1.537279828408977e-07,
    "energy_per_cs_before_erosion": null,
    "energy_per_mass_before_erosion": null,
    "main_mass_exhaustion_ht": 92114.54504717227
}